{
  "empirical_frequencies": true,
  "datatype": "DNA", 
  "subs_model": "GTR", 
  "program": "RAxML version 7.2.7", 
  "ras_model": "gamma", 
  "gamma": {
    "alpha": 0.433838, 
    "n_cats": 4
  }, 
  "subs_rates": {
    "ac": 0.79732599999999998, 
    "gt": 1.0, 
    "ag": 1.8152569999999999, 
    "cg": 0.71577900000000005, 
    "at": 1.2317370000000001, 
    "ct": 2.7637450000000001
  }
}
